{
  "auc": 0.610121881546372,
  "average_prec": -0.0511508417848081,
  "accuracy": 0.5738396624472574,
  "balanced_acc": 0.5973147971814892,
  "sensitivity": 0.6440677966101694,
  "specificity": 0.550561797752809,
  "ppv": 0.3220338983050847,
  "npv": 0.8235294117647058,
  "f1": 0.4293785310734463,
  "youden_threshold": 0.320068359375
}